Name of Organizatio}BN,Category,Geography Served,Location of Organization,Website,Type of Organization,Service(s)/About,Special Requirements,Who Can Request,How to Request,Contact Email,Contact Phone,Details/Description,Notes
,"For consideration for inclusion in this list, request edits, or if you have any questions, please contact info@thecasaproject.org",,,,,,,,,,,,
,"TO SEARCH BY KEYWORD, USE CTRL+F",,,,,,,,,,,,
4Others Inc.,Personal Hygiene,Worcester County,"Holden, MA",4OthersInc | Holden MA | Facebook,Nonprofit,4OthersInc is a 501(c)3 that collects personal hygiene products and NEW underwear and socks for distribution in Central Mass. ,N/A,Anyone in need or on behalf of those in need. ,,4othersinc@gmail.com  Tel. 508-829-7288,,"4Others Inc. is always looking for community partners to donate new personal hygiene products, socks and underwear to add to their inventory.",See next cell for link to their Amazon Wishlist:
Abby's House,Domestic Violence Support Shelter,"Worcester, MA","52 High Street, Worcester MA 01609","Shelter, Housing, and Advocacy for Women and Children - Abby's House (abbyshouse.org)",Nonprofit/Community Resource,"Shelter, affordable housing, advocacy, and support for homeless, battered, and low-income women.",,"Provide shelter and affordable housing, as well as advocacy and support services, to homeless, battered, and low-income women, with or without children.",,,Phone: 508-756-5486 Fax: 798-3299,,
All Our Kids - AOK - Child Fostering Resources in Mass.,Foster Care Resources,Western Massachusetts,"6 Open Square Way,                       Holyoke, MA 01040",All Our Kids - Child Fostering Resources in Massachusetts,Nonprofit/Community Resource,"All Our Kids, Inc. empowers Western Massachusetts foster and adoptive families to thrive by enriching community connectedness, providing education and resources, and helping the public understand and support our experience.",N/A,"We are a community of foster/adoptive families, for foster adoptive/families. If you're looking for specific information or support and aren't finding it on our site, just let us know! Join AOK Connect, our private facebook group, to get real-time information and resources from local members, give us a call at 413-530-1422, or fill out the form below and someone will be in touch within 24 hours.",Contact Us - All Our Kids,info@fosteringAOK.org,413-486-0560,"A community actively invested in our most vulnerable young citizens, where children in foster care have their short-term and long-term needs met by strong, capable, and supported families.",
Andy's Attic ,Clothing,"Worcester, MA",Back of South High School 170 Apricot St. Worcester MA 01603,"Andy's Attic - Non Profit Organization, Worcester, Community Service (andysattic.org)",Nonprofit,Our mission is to provide comfortable clothing to individuals so that they can advance in their daily lives. ,Online Application Process (They do close for the summer from the end of May to the beginning of September when school is out.),ALL orders must be from the person requesting the clothes or a licensed counselor or coalition.ALL orders must be picked up 7 days when completed. ,https://andysattic.org/clothing-request-form,"Please complete the form by making a copy and e-mailing the form to contact@andysattic.org or fax the document to (508) 799-8242.
​",,Provides an important volunteer opportunity for Worcester South High students to participate in!,"With the hard work and dedication of South High Students and charitable donations, we were able to provide new socks, new undergarments, gently used clothing and even new sneakers to teenagers and their families. Each day our students come to Andy's Attic during their free periods and after school to volunteer their time. Students sort and put donations on shelves, fill orders, write thank you cards, track orders that have been sent out, write letters to organizations for donations, and make phone calls to organizations to let them know their orders are ready for pick up."
Barney's Bicycles,Bicycles,"Worcester, MA","582 Park Ave., Worcester MA 01609",Barney's Bicycle (barneysbicycle.com),,We have used bikes that we would consider donating. If you are interested a phone call is best. ,,On behalf of a youth/child.,Please call 508-799-2543,barneys@e-barneys.com,Please call 508-799-2543,,CASA received email from Peter at Barney's in June 2024 offering used bikes upon request to youth/children in need. 
Big Brothers Big Sisters,Youth Mentoring ,Central MA & Metrowest MA,,bbbscm.org,Nonprofit,,,,,,,,
BIPOC Network Group,Supporting Professionals of Black Indigenous People Of Color,Massachusetts,Central Massachusetts,https://bipocnetworkgroup.org/ourmission,Nonprofit/Community Resource,"Professionals of Black Indigenous People Of Color come together to Share, Support, Collaborate, and Connect resources that benefit the enhancement of each other's profession and our community.","Contact Daniel Alicia, BIPOC Network Group Ambassador",Services 3 — BIPOC Network Group,Contact — BIPOC Network Group,DanielAlicea@movimientocounselingservices.com,n/a,Services 3 — BIPOC Network Group,
Bonfolk Sock Donations,Socks,"New Orleans, LA",,Bonfolk Giving Good,Nonprofit,Provides new sock donations for other nonporfit organizations,For future sock requests please submit them here: https://forms.gle/9uX6bTTTJ8miSU9b6,Other nonprofit organizations,,Bonfolk Giving Good   For future sock requests please submit them here: https://forms.gle/9uX6bTTTJ8miSU9b6,,For future sock requests please submit them here: https://forms.gle/9uX6bTTTJ8miSU9b6,
Catie's Closet,Clothing,Massachusetts,"28 Loon Hill Road Dracut, MA 01826",Home | Catie's Closet (catiescloset.org),Nonprofit,"Catie’s Closet is a 501(c)(3) non-profit organization that provides clothes, toiletries, and other basic essentials to students living in poverty right within their schools. We set up free stores in schools, giving children direct access to everything they need to attend class confidently. ",N/A,Anyone across Massachusetts,Visit website for online contact form,See online contact form on website: www.catiescloset.org/contact-us/ , 978-957-2200 Headquarters ,"They have 3 distribution centers in Massachusetts, Dracut (Headquarters), Boston and East Longmenadow (near Springfield)",
Catholic Charities of Worcester ,"Immigrant/Refugee Resources Languages include English, Vietnamese and French","Worcester, MA","Worcester, MA",www.ccworc.org,Nonprofit,"A multi-service agency serving refugees and immigrants. Services include: resettling refugees and immigrants, cultural orientation, MRRP case management, assistance for processing of INS change status documents, assistance through a variety of human services to refugees and immigrants, history for legalized immigrants, and referrals.",N/A,Anyone in that Community,,Catholic Charities of Worcester 10 Hammond Street Worc. MA 01610 508-798-0191 www.ccworc.org,,,
Children's Cove,The Cape & Islands Advocacy Center,Cape and Islands MA,"Mailing Address: PO Box 427, Barnstable, MA 02630",Childrens Cove – The Cape & Islands Child Advocacy Center,Nonprofit/Community Resource,"Children’s Cove coordinates the multidisciplinary response to cases of child sexual abuse, physical abuse, witness to domestic violence, sexual exploitation, and trafficking. We receive referrals from investigative agencies such as law enforcement, the Department of Children and Families, and the District Attorney’s office for cases on Cape Cod, Nantucket, and Martha’s Vineyard.",Serving Cape and Islands MA Residents,"When a child has made a disclosure of abuse a report to law enforcement or the Department of Children and Families needs to happen. Once they have received the report they coordinate with us and the non-offending caregiver to schedule an interview with Children’s Cove. In some cases, families may only have a question or would like their child to have an appropriate therapy referral. Calling our program will connect you to someone who can help navigate the best options to support a child in need.",Call 508-375-0410 or visit website https://www.childrenscove.org/about-us/contact-us/,Online Contact form https://www.childrenscove.org/about-us/contact-us/,508.375.0410,,
Children's Trust,This is a curated database of resources is provided by Find Help Near You | Children's Trust MA.,Massachusetts,Massachusetts,"Social Services for 01605 (worcester, ma) | Find Help Near You | Children's Trust MA ",Nonprofit/Community Resource,"Thousands of resources catergorize by need, search by zip code. https://ctmstaff.findhelp.com/ ",Visit https://ctmstaff.findhelp.com/ ,Anyone in need can search the site for resources.,View list to find ways to request specific needs. https://ctmstaff.findhelp.com/ ,na.,n/a,"When police or the Department of Children and Families believe a child is being abused, the child is brought to the CAC, which is a child friendly and safe place, by a non-offending parent or caregiver. At the CAC, the child tells their story once to a trained interviewer who knows the right questions to ask in a way that does not retraumatize the child. After the interview, a team that includes medical professionals, law enforcement, mental health, child protective services, victim advocacy, and other professionals make decisions together about how to help the child based on the interview. The child and their non-offending family are then offered immediate wrap-around services such as family advocacy, mental health and medical services. This is called the multidisciplinary team (MDT) response and is a core part of the work of CACs.",
Choices Inc. APG/PASS/REA,Youth Peer Recovery Support,Worcester County,"108 Grove St. Suite 205, Worcester MA 01605",www.4choices.org,Nonprofit/Community Resource,"Substance use recovery for adolescents. Embrace all pathways to recovery, ensuring that our adolescents are free from judgement and stigma while forging their chosen path to a life that is free of addiction.We are a support for Worcester County teens struggling with substance use challenges. Our services are of no cost to families.

We offer wrap around services including clinical support, skill building and healthy sober activities for teens who have experienced challenges with substance use and other comorbidity's such as anxiety and depression.  Our peer mentors and recovery navigators offer adolescents critical support during the non scheduled hours after school when boredom and peer pressure can lead to poor decision making and substance use. We offer services such as medication management, 1 on 1 and group therapy, art and music therapy, and a full recreation center for age-appropriate activities, groups, concerts and movie nights.

Our staff include doctorate level clinicians and physicians, Licensed Alcohol and Drug Counselors (LADC 1 & 2) and licensed social workers. ",N/A,Teens and adolescents,Call 1-508-455-5053 visit website online request form www.4choices.org,intakes@4choices.org,1-508-455-5053,"Alternative Peer Group (APG), Positive Alternative to Student Suspension P.A.S.S., Recovery Eductional Academy REA We are a support for Worcester County teens struggling with substance use challenges. Our services are of no cost to families.

We offer wrap around services including clinical support, skill building and healthy sober activities for teens who have experienced challenges with substance use and other comorbidity's such as anxiety and depression.  Our peer mentors and recovery navigators offer adolescents critical support during the non scheduled hours after school when boredom and peer pressure can lead to poor decision making and substance use. We offer services such as medication management, 1 on 1 and group therapy, art and music therapy, and a full recreation center for age-appropriate activities, groups, concerts and movie nights.

Our staff include doctorate level clinicians and physicians, Licensed Alcohol and Drug Counselors (LADC 1 & 2) and licensed social workers. ","At Choices, we envision a world where every person has access to the resources they need to live a healthy, happy, and fulfilling life. We strive to create a world where everyone has the opportunity to thrive, regardless of their background or circumstances."
Community Connections Coalitions,Funds for Community Connections Coalitions are expected to be used to provide facilitative leadership and to coordinate collaborative work.,Worcester Area,Worcester Community Connections Coalition 20 Cedar St. Worc. MA 01609 Phone: 774-312-3838 and Southbridge Community Connections Coalition 5 Optical Dr. Southbridge MA 01559 Phone: 774-534-1951,Community Connections Coalitions (sevenhills.org),Nonprofit/Community Resource,"Provides a safe and neutral setting for residents and service providers, including DCF, to communicate, make decisions, share resources, and coordinate action planning.",N/A,Residents and Service Providers,Worcester Community Connections Coalition 20 Cedar St. Worc. MA 01609 Phone: 774-312-3838 and Southbridge Community Connections Coalition 5 Optical Dr. Southbridge MA 01559 Phone: 774-534-1951,Worcester Community Connections Coalition: Email: abureau@sevenhills.org; Southbridge Community Connections Coalition dtoribio@sevenhills.org,Worcester Community Connections Coalition 20 Cedar St. Worc. MA 01609 Phone: 774-312-3838 and Southbridge Community Connections Coalition 5 Optical Dr. Southbridge MA 01559 Phone: 774-534-1951,"In their work toward building local family support systems and preventing child abuse and neglect, coalitions are expected to establish a new, or enhance an existing, community-based infrastructure that provides a safe and neutral setting for residents and service providers, including DCF, to communicate, make decisions, share resources, and coordinate action planning. Funds for Community Connections Coalitions are expected to be used to provide facilitative leadership and to coordinate collaborative work.",
Community Legal Aid,Free Civil Legal Assistance,Central and Western Mass. ,"Five Offices located in Fitchburg, Northampton, Pittsfield, Springfield and Worcester",www.communitylegal.org,Nonprofit/Community Resource,"Community Legal Aid helps people obtain safe and stable housing, access benfit programs to stabilize their income, obtain needed services in school, and break free from domestic violence and other abuse and exploitation.",N/A,Anyone ,Call the intake line: 855-252-5342 visit online for current intake hours and to apply for services; COMMUNITYLEGAL.ORG/HELP,n/a,855-252-5342,"* Eviction defense and housing discrimination * Family law issues (divorce,custody, visitation, child support for domestic violence and sexual assault survivors) * Abuse and harassment prevention orders * Special education and school discipline issues * Employment discrimination and unemployment * DCF cases arising from poverty-related challenges (Hampden County) * Government benefits (TAFDC, EAEDC, Foodstamps/SNAP, Veterans' Benefits,) * Social Security, Supplemental Security Income (SSI), and state supplemental benefits, * Health care benefits (including MassHealth and Medicare), nursing home issues, and elder neglect, * Re-entry after incarceration (criminal record sealing, accessing housing and jobs) * Accessing homeless shelters * Debt collection and bankruptcy * Wills, estates, and Probate Court matters (trusts, powers of attorney, health care proxies, name changes) * Humanitarian-based immigration relief ",
Criterion Child Enrichment,Early Intervention Services,Massachusetts,"Criterion Valley Early Invention 375 Fortune Blvd. Milford, MA ",www.criterionchild.com,Nonprofit/Community Resource,"The primary focus of early intervention during the first three years of a child's life is family education, training and support.",Eligibilty is based on assessment results of any child referred between birth and 3 years old.,"Parents, medical providers, community agencies and child care providers can call the program to refer a child.",Call 508-478-7752,,508-478-7752,"Once a referral is received, an appointment will be scheduled to determine eligibility. ",
DCF - Department of Children and Families Becoming a Foster Parent,Foster Care,Massachusetts,"Main Office, One Ashburton Place, Boston MA 02108",https://www.mass.gov/how-to/steps-to-become-a-dcf-foster-parent,Government Organization,For families interested in becoming foster parents and placement process.,https://www.mass.gov/how-to/steps-to-become-a-dcf-foster-parent,Anyone who would like to learn more about foster care,DCF Foster Care/Adoptive Recruitment Line 1-800-543-7508,n/a,DCF Foster Care/Adoptive Recruitment Line 1-800-543-7508,There is an online form to request a meeting or outreach from a representative. ,
Detox Local,Substance Use Recovery and Mental Health Resources,Find One Near You,Search by Zip Code,Find a Detox Near Me - Detox Local,Nonprofit/Community Resource,"At Detox Local, we make finding a quality detox center near you as easy as possible. We hope that by providing these tools, those entering drug and alcohol detox can focus more fully on their recovery and have a better chance for successful, long-term sobriety. Try out the different search options below and see which one works best for you.",Anyone - Specific access to the BIPOC community,"Our comprehensive drug detox center directory consists of programs located throughout the United States, ensuring that anyone in need of effective, high-quality treatment can find the best drug detox clinic near them.  Our goal is to provide information and helpful guidance so that people seeking detox treatment can make the most informed and appropriate decisions for their recovery.",Sponsored 24/7 Detox Help Line 866-685-2286,,Sponsored 24/7 Detox Help Line 866-685-2286,,Drug Withdrawal Timelines & Symptoms For 39 Most Abused Drugs (detoxlocal.com)
District Attorney Joseph D. Early Youth Education & Prevention Programs,Youth Prevention ,Worcester County,"225 Main Street #G301, Worcester MA 01608",Worcesterda.com,Government Organization,Bullying (Harassment Prevention) - Cyber Safety (Harassment Prevention) - This Is (NOT) About Drugs (Drug Prevention) - If They Had Known (Prescription Drug Misuse Documentary/Discussion) - Distracted Driving Prevention (Safe Driving Education) - Hazing (Harassment/Initiation Abuse Prevention) - The Impact of Trauma (ACE’s and Child Development) - Court System Overview (Criminal Justice System) - Healthy/ Unhealthy Relationships (Dating Violence Prevention) - Social Host Liability Training (Underage Drinking Laws Workshop) - Mandated Reporter Training (File and Report Child Abuse and Neglect) - Drink Safety - Vaping Education and Prevention,,"The office of the District Attorney Joseph D. Early, Jr. conducts community outreach programs for schools, businesses, agencies, health care professionals and churches. These programs are offered free of charge.",Please contact: Assistant District Attorney Don Xenos at 508-755-8601 ,"Contact us: 508-755-8601, Worcesterda.com",508-755-8601,"A Commitment to Quality of Life: ""As the District Attorney of the Middle District, also known as Worcester County, I am committed to helping our students and citizens of this district improve the quality of their lives and to live without fear of violence and be safe from crime. To that end, our office has created a series of community presentations designed to empower students by giving them the kind of information they need to feel safe and help them make good choices.""",
DETOX LOCAL: 45 AAPI ADDICTION AND MENTAL HEALTH RESOURCES,Substance Use Recovery and Mental Health Resources Specific to the American Asian and Pacific Islander Community,Find One Near You,Search by Zip Code,45 AAPI Addiction and Mental Health Resources | Detox Local,Nonprofit/Community Resource,"We know that mental health concerns and substance abuse have increased since the onset of the COVID-19 pandemic, and this does not exclude members of the AAPI community. In fact, those concerns are at an all-time high for Asian-Americans due to the racism that has followed allegations that people of the AAPI community are actually responsible for the pandemic. These negative racial perceptions have led to increased general psychological distress, anxiety, and depression, and a high percentage of Asian-American individuals have reported direct racial discrimination due to the COVID-19 pandemic.",N/A,Anyone - Specific access to the AAPI community,Sponsored 24/7 Detox Help Line 866-685-2286,,Sponsored 24/7 Detox Help Line 866-685-2286,"Within the AAPI community, cultural beliefs and pressures have made it difficult for Asian-Americans to reach out for help. Factors like age, gender, occupational pressures, family values, and dynamics, as well as religious beliefs and spirituality typically drive individuals away from professional care. It can be seen as weak or disrespectful to turn to a therapist rather than to the family unit, and even then emotions are not widely expressed or discussed in these communities. However, it’s imperative that those looking to quit drugs and alcohol seek help at a detox center to maximize their chances of getting and staying clean. It’s also incredibly important to be aware of common drug withdrawal symptoms. Once detox has been completed, it’s imperative to find a highly-rated drug rehab center",
Directory of Resources for Families of Children and Youth with Special Needs,Special Needs,All of Massachusetts,,Massachusetts Family TIES (massfamilyties.org),Nonprofit,Offer an annual directory of resources for families of children and youth with special needs.This a comprehensive directory to link families with special needs to any and all organizations across all of Massachusetts to supports in every area imaginable. ,N/A,,,,,,
Everyday Miracles,Peer Recovery Support Center,Worcester County,"25 Pleasant Street, Worcester MA 01609",www.everydaymiraclesprsc.com,Nonprofit/Community Resource,Peer Recovery Support Center for Substance Use and Addiction Support,Adults,"There are many different types of drug detox centers. Specialty services will be listed alongside each drug detox. Some important specialty characteristics to take note of include dual diagnosis, pregnancy detox care, adolescent detox, LGBTQ sensitive, legal referral programs, spanish speaking programs, and detoxes that specialize in co-occurring health issues such as HIV/AIDS. The best fit will depend mostly on what one’s particular needs may be.",Call 774-670-4428 or visit website www.everydaymiraclesprsc.com,"Theresa Buccico, Community Egagement Specialist, CPS Theresa.Buccico@spectrumhealthsystems.org",774-670-4420,"Recovery is possible! Walk in, call or visit website for Recovery Support by Peers and professionals.",
Family Continuity,Youth Diversion Program,"Worcester & Whitinsville, MA ",,n/a,Government Organization,"Public safety partnership focusing on reducing unnecessary and harmful use of secure detention for low-risk juveniles. Our mission is to safely support youth in the Commonwealth, in their communities, with proper supervision, so that we may reduce the percentage of youth held in detention while their court cases are pending.",Referral Process,,,"Josenny Tavarez, Worcester County Youth Diversion Coordinator jtavarez@familycontinuity.org C: 508-769-5153 Fax: 508-234-3944 ",,,
Family Resources Center ,Clinical & Support Options for Families,Worcester County,"Gardner Family Resource Center A Program of Clinical & Support Options, 205 School Street , Suite 302, Gardner MA 01440",csoinc.org,Nonprofit/Community Resource,"CSO Community Events, Outpatient Groups, and Wellness Activities for Behavioral Health in Western MA",,"PLEASE NOTE: If someone you know would like to receive this monthly newsletter, we can sign them up. Have them call our office today (978-730-1275).",Please call: 978-730-1275,Summer.HaggertyMeeker@csoinc.org,978-730-1275,"CSO Community Events, Outpatient Groups, and Wellness Activities for Behavioral Health in Western MA","PLEASE NOTE: If someone you know would like to receive this monthly newsletter, we can sign them up. Have them call our office today (978-730-1275)."
"Field of Dreams therapy Farm, LLC",Mental Health Service,Worcester County,"46A Brooks Road, Paxton MA 01612",n/a,Nonprofit/Community Resource,"A unique private practice working with rescued horses. to provide individualized treatment for children and adults who are coping with anxiety, depression, grief, trauma and other life transitions.",N/A,Adults and caregivers,"Contact Laurie J. Drazek, LCSW, MSW, M. Ed, Clinical Social Worker By appointment only 774-696-3203",n/a,774-696-3203,"Benefits: improved social skills, confidence, trust and empathy, impulse control emotional awareness.",
Foster Care Essentials (Presented Nov. 2022 and May 2024 - Ask CASA),Day to Day Essentials,All of Massachusetts,"Hopedale Union Evangelical Church, 25 Dutcher Street, Hopedale, MA",www.fostercareessentials.com,Nonprofit,"We provide essentials, at no charge, to families that care for foster children, and kinship care.",N/A,Anyone on behalf of foster children including Foster Parents,Email or attend event,fostercareessentials@gmail.com,(774) 248-4139,"Essentials include clothing, toys, baby gear, sports gear, diapers, backpacks, school supplies, and personal hygiene products.",
"Fostering Change, Inc. Leominster (Presented Nov. 2022 - ASK CASA)",Day to Day Essentials,Any New England Community that can reach Central Mass.,"Leominster, MA","Fostering Change, Inc | Leominster MA | Facebook",Nonprofit,We provide foster kids the resources to succeed and the experiences of being a kid.,N/A,Anyone on behalf of children and families in need.,,,,"Sponsors various gift, clothing, and needs events throughout the year in the Leominster area.",Follow them on Facebook to keep up with their various public offerings.
Gardner Family Resource Center,Children & Families Support; Mental Health Services; Socialization Activities,Central Massachusetts,"205 School Street Suite 302 Gardner, MA 01440",Facebook,Nonprofit/Community Resource,The Gardner Family Resource Center offers a wide range of *FREE* activities and supports for any family with children (ages 0-18).,N/A,n/a,(978) 730-1275,"Visit us at 205 School Street, Suite 302 or call 978-730-1275.",(978) 730-1275,"Our Family Support Services CSO’s Family Support Services are part of the Massachusetts Children’s Behavioral Health Initiative (CBHI). As one of the region’s leading family support service providers, CSO is committed to engaging youth and families in individualized and coordinated trauma-informed care that is family-centered and community-based. All CBHI services are voluntary. Services are available at your home, in our offices, or at the location of your choice. Urgent access available. Walk-in appointments welcomed. Parent Support Groups Educational classes including financial literacy Arts, cultural, and recreational activities--dance, yoga, and more! Specialized clinical supports for youth and their families Family Groups for learning and skill-building.",
"Girls, Inc. of Worcester","Mentorship, safe spaces and programs for Girls",Worcester County,125 Providence St. Worcester MA 01604,girlsincworcester.org,Nonprofit/Community Resource,"School year programs, Summer Programs, Offsite Programs, STEM and Leadership Programs",Serving girls K-12 grades,Families and cargivers for girls K-12 grade.,Visit www.girlsincworcester.org to register for programs,info@girlsincworcester.org,508-755-6455,Visit ,
Griptape,Youth Learning Alternative,Nationally,n/a,,Nonprofit,"We give youth who are seeking access to resources and opportunities the support, respect, and authority to pursue learning in their own way.","GripTape is a 501(c)(3) nonprofit that offers young people ages 14–19 total control to design a 10-week learning experience, funding to pursue this learning, and a Champion to support them.","If you’re 14–19, have an interest or passion you want to pursue, and need resources to do it, apply for the GripTape Learning Challenge.",Online Form,info@griptape.org,n/a,,
Grow School,Alternative School,Southern Worcester County,,Program Directory — Southern Worcester County Educational Collaborative,Nonprofit/Community Resource,,,,,,,,
ilearn wellness group,Mental Health/Behavioral Services,Massachusetts,"ilearn wellness group        199 Wells Ave, First Floor, Newton, MA 02459",About - ilearn wellness,Nonprofit,ilearn wellness group’s purpose is to improve the lives of those facing behavioral health needs by providing more equitable access to therapeutic services.,N/A,n/a,Call: (774) 519-6411,"Jillian Giampa M.S. Ed. | ilearn wellness group
Community Outreach Liaison
| p | (774) 608-0450 jgiampa@learnwelleducation.com
",Call: (774) 519-6411,"At ilearn wellness group, we are committed to providing quality care to adolescents with behavioral health issues. Our new Adolescent Psychiatric Day Treatment strives to support individuals as they work towards their goals and create long-term success in their lives. This program will operate Monday through Friday, 8:30am – 5:00pm and includes medication management, group therapy, individual therapy, psychoeducation, and academic instruction.","Options of service available are inpatient, outpatient and virtual depending on the level of care needed."
IEP Process (mass. dese) Individualized Education Program,Education ,All of Massachusetts,Online,Individualized Education Program (IEP) - Special Education,Government Organization,,N/A,,,,,,
IVOC - Inner Voice Outer Change for Youth,Therapeutic Services through the creation of music and multimedia projects,Central Massachusetts and Worcester County,Worcester County,Inner Voice Outer Change,Nonprofit,"The goal of ilearn wellness group is to create a supportive environment through evidence-based therapies and academic excellence to encourage resiliency and healing and a return to family, community, and school.",N/A,"Do you know a teenager who finds it difficult to express their emotions, leading to concerning behavior? Have they rejected the idea of therapy, even though they need extra support? If they have a passion for music and multimedia, consider helping them channel that interest into a healthy outlet. ",To schedule an appointment email or call info@ivocforyouth.com or call 978-822-6501,info@ivocforyouth.com,978-822-6501,"We bring our professional music and videography equipment to schools and programs throughout Central Massachusetts, eliminating barriers and providing equitable resources for some of our most vulnerable youth.","We began our Upstream Initiative to support the mental well-being of our kids before they face serious challenges. We aim to help them develop healthy coping methods early on. With your help, our Upstream Initiative will reward students for academic success by providing FREE access to self-care options. Join us in taking proactive steps to support their well-being!"
Kid's Net - MSPCC,"Resources for foster, pre-adoptive and kinship families",All of Massachusetts,Boston: 781-860-2693 Central: 781-860-2693 Northern: 781-879-8272 Southern: 857-293-3392 Western: 413-747-0040,Kid's Net - MSPCC,Nonprofit/Community Resource,Kids-Net-Brochure.pdf (mspcc.org),N/A,Our application is open,Call us at 1-800-486-3730,kidsnet@mspcc.org,Call us at 1-800-486-3730,Kids-Net-Brochure.pdf (mspcc.org),
Kind Hearts for Kids,Birthday/Holiday Gifts,"Cape Cod, as well as all of MA if they can get to us or arrange a meetup","Kind-Nest, 4 Barlows Landing Road #18, Pocassat, MA 02559",www.kindheartsforkids.org,Nonprofit,"Serves vulnerable children and teens living in foster, adoptive, and kinship care including grandparents raising grandchildren. We're dedicated to being a compassionate, supportive, and positive influence on these children by honoring and celebrating them on their birthdays & holidays. We are committed to providing fun events to shower them with kindness, and help build confidence and self respect. We engage and bring awareness to their needs through fundraising, spreading our group’s important message and engaging in service projects in our local community.",n/a,May and September.,Email kindheartsforkidsinc@gmail.com,kindheartsforkidsinc@gmail.com,n/a,"We bring joy through birthday and holiday celebrations, while also building confidence and self-respect through fun events.",
Kinship Legal Toolkit,Support for Kinship Placements,Nationally,Website,Kinship Legal Toolkit,Government Organization,A legal resource website provided be the American Bar Association as a resource for Kinship placements.,n/a,,Kinship Legal Toolkit,n/a,n/a,This is provided by the American Baar Association wiht support from the Dave Thomas Foundation,
Kinship Navigator,Support for Kinship Placements,All of Massachusetts,Massachusett,Kinship Navigator | Mass.gov,Government Organization,Kinship Navigator is a program of the Commonwealth of Massachusetts that assists all kinship caregivers (grandparents and other relatives) with accessing services for themselves and the children they are raising.,Online Application Process,Kinship Foster Placement Caregivers and support workers,Visit website to complete a referral application. https://www.mass.gov/kinship-navigator,kinshipnavigator@mass.gov,1-844-924-4KIN (4546),This is offered through the Department of Children and Families,
Legendary Legacies Inc.,Re-entry Support for Men,"Worcester, MA",40 Southbridge St. Suite 200 Worcester MA 01608,https://legendlegacy.org/,Nonprofit/Community Resource,We offer young men the opportunity to develop the skills necessary to become productive citizens and maximize their God given potential by providing positive male adult role models through programming efforts.,,,,"Ronald B. Waddell Jr., Executive Director, rwaddell@legendlegacy.org, Edgardo Pizarro, Community Reponse Coordinator, epizarro@legendlegacy.org and Gabe Rodriguez, gaberodriguez@legendlegacy.org",857-413-8207 and 508-579-8059,,
Live Another Day,Addictions and Mental Health Resources for All,Nationwide,16 Best Reviewed Rehab Centers in Massachusetts | Drug & Alcohol (liveanotherday.org),Live Another Day: Substance Abuse & Mental Illness Recovery Support,Nonprofit,"Live Another Day was created in early 2021 as a response to the unprecedented increase in substance abuse, mental illness, and deaths resulting from the pandemic. We’re a small, tight-knit group of business professionals and clinicians who have invested thousands of hours towards creating a truly one-of-a-kind recovery resource. We’ve evaluated over 14,000 treatment providers throughout the country and only listed the centers that meet our standards for high-quality care. Many of us are in recovery ourselves, and our sincere wish is that this website gives you, the visitor, a second chance at life. Recovery is truly a gift and we’re here to support you.",N/A,Anyone - Specific access to the BIPOC community,Call 24/7 Helpline 1-866-934-6616,Other inquiries fill out online form at https://liveanotherday.org/contact/,Call 24/7 Helpline 1-866-934-6616,,
Love Your Labels,"Love Your Labels builds project-based art, fashion, and design programs for 2SLGBTQIA+ youth and creates affirming, loving space for young people to be themselves and find community.",Central Massachusetts ,Love Your Labels  PO Box 2301 Worcester MA 01604,Love Your Labels,Nonprofit/Community Resource,Threads Youth Fashion + Identity Program — Love Your Labels     Drag Story Time   https://www.loveyourlabels.org/drag-story-time    Queer Coalition of Greater Worcester https://www.loveyourlabels.org/queer-coalition-of-greater-worcester,,,Parents & Families Network — Love Your Labels,The team@loveyourlabels.org email for general inquiries and email dani@loveyourlabels.org for any inquiries specific to the parents and caregivers group,,We want to show young people who are struggling that it gets better. We want to celebrate the uniqueness of our communities. We want to see a world where no one needs to hide themselves or is treated differently because of who they are.,
"LUK, Inc. ","Community Engagement & Support (CES) Youth Prevention and Early Intervention, Mentoring, Youth Development",Worcester County,"Locations in Fitchburg, Worcester, Webster and Boylston",www.luk.org,Nonprofit/Community Resource,"LUK's mission is to engage youth, families, adults and communities in partnering to develop resources that respond to current and emerging trends, especially around substance use prevention and positive youth development. LUK has community based programs that service the whole county and will work with youth in their school, home or commnity environment as needed. Case managers run youth groups in areas of need. The programs are primarliy driven towards youth and will offer services to caregivers to educate and enhancement parent/caregivers engagement with youth.",Referrals submitted via email to referrals@luk.org. Some programs have certain or varying age requirements. See specific youth programs for age appropriate requirements.,"Anyone, if the child is under 18 LUK will need parental/guardian consent.","Call LUK 1-800-579-0000 or Main line 978-345-0685, email referrals@luk.org, the direct link to make a referral is www.luk.org/make-a-referral  ",prevention@luk.org,"Call LUK 1-800-579-0000, or Main line 978-345-0685",,
Massachusetts Adoption Resource Exchange (MARE),Adoption Services and Support,Massachusetts,,Massachusetts Adoption Resource Exchange,Nonprofit/Community Resource,,Families eligible for foster and adoption process,,,,,,
Massachusetts Alliance for Foster Families - MAFF,Foster Family Support,All of Massachusetts,Each DCF Office has a MAFF Representative,www.mspcc.org/maff,Nonprofit/Community Resource,"An advocacy association dedicated to enhancing the quality of life for children who cannot live with their biological families and for the families who care for them. The MAFF Board meets regularly to identify issues of concern to foster, adoptive, and kinshp parents and to develop and advance solutions.",,,,Cathie Twiraga  cathietwiraga55@gmail.com,,,
Massachusetts Behavioral Health Help Line,Behavioral Health Support 24/7,All of Massachusetts,"200 State Street, Suite 305 Boston MA 02109",masshelpline.com,Government Organization,"The Massachusetts Behavioral Health Help Line (BHHL) is here to connect you directly to clinical help, when and where you need it. Even if you’re not sure what kind of help or treatment you may need, we can help guide you.",N/A,Anyone,"It’s free, confidential, and no health insurance is required.","Ana Artavia-Speight, Community Relations Rep. Central Mass. ana.artavia-speight@carelon.com (mobile # 959-995-2690)",1-833-773-2445,"Call, text, or chat for real-time clinical assessment, 24 hours a day, 365 days a year. ",
Massachusetts Victims of Violent Crime Compensation,Financial Compensation,All of Massachusetts,"Office of the Attorney General Victim Compensation & Assistance One Ashburton Place, 19th Floor, Boston MA 02108-1698, 617-963-2160 Fax 617-742-6262",Massachusetts Victims of Violent Crime Compensation | Mass.gov,Government Organization,"If you or a loved one has been the victim of violent crime, please contact the Victim Compensation staff at the Office of the Attorney General for further assistance. Please note that victim compensation funds are funds of last resort.","If you or a loved one has been the victim of violent crime, please contact the Victim Compensation staff at the Office of the Attorney General for further assistance. Please note that victim compensation funds are funds of last resort.","Victims of violent crimes occurring in Massachusetts, Dependents and family members of homicide victims, Any person responsible for the funeral expenses of a homicide victim.",application for web 040119.pdf (mass.gov),N/A Call tel: 1-617-963-2160 ,Applying for Victims of Violent Crime Assistance | Mass.gov,,
Meryl's Safe Haven (MSH),Families and Aged Out Foster Support,Central Massachusetts ,"P.O. Box 20363
Worcester, MA 01602","Meryl's Safe Haven | shelter | Worcester, MA, USA",Nonprofit/Community Resource,Meryl's Safe Haven (MSH) is dedicated to providing and connecting families and young people who have aged out of the foster care system shelter and resources in our community and beyond. We focus on the whole person for holistic support to address the underlying issues. MSH aims to be an impetus for change that recognizes humanity and the importance of community.,May need a referral ,"Fill out application online and send referral via info email to Meryl's
https://www.merylssafehaven.org/_files/ugd/4f21e6_41aad4e169f848b2ad9c006fb8f7d762.pdf  ",Contact via email or call or website chat,info@merylssafehaven.com,508-304-6158,Shelter; Transportation; Saving; Money Management; Workforce Development; Education,
My Ombudsman,MassHealth Benefits,All of Massachusetts,Boston,myombudsman.org,Nonprofit/Community Resource,,Anyone who has MassHealth care coverage,Anyone who has MassHealth care coverage or caregivers of those with MassHealth care,Real-time interpretation in 200+ languages.,info@myombudsman.org,Mon.-Fri. 9am to 4pm Helpline 855-781-9898 (English and other languages) Videophone 339-224-6831 (for Deaf and Hard of Hearing),"We answer questions about your Masshealth benefits and explain your rights and responsibilities as a MassHealth Member. We help explain denial letters, address problems accessing your health coverage and more. We talk with you, your health care providers, and your MassHealth plan so that everyone understands what you need.",
Montachusett Regional Vocational Technical High School Care Solace,Mental Health and/or Substance Use Support ,"Wachusett Area Towns: Holden, Princeton, Paxton, Rutland and Sterling",1050 Westminster St. Fitchburg MA 01420,caresolace.com/montytech,Nonprofit/Community Resource,​,,"Montachusett Regional Vocational Technical School Students, Families and Staff.",Call or visit website: caresolace.com/montytech Text and Video Chat available,,888-515-0595,,
Net of Compassion,Day to Day Essentials,Worcester County,"Worcester, MA","Net of Compassion in Worcester, MA - Free Food, Free Clothing, Hot Showers, Shelter, Recovery Support, Street Outreach, Volunteer Opportunities, Donation Drop offs",Nonprofit,,N/A,"We serve men and women struggling with poverty, substance use disorder, prostitution, homelessness and those living with mental illness.","Deaf or hard of hearing? Contact MassRelay at 711, or use your video relay or caption provider of choice","674 Main Street C1, ​Worcester, MA 01610; 508-322-1363; info@netofcompassion.org",508-322-1363,"We serve men and women struggling with poverty, substance use disorder, prostitution, homelessness and those living with mental illness.",
"New Hope, Inc.",Domestic Violence Support,Central and Southeast Massachusetts 24/7 Access 1-800-323-HOPE (4673),"Office Locations - New Hope, Inc. (new-hope.org)","Home - New Hope, Inc. (new-hope.org)",Nonprofit/Community Resource,"As an organization, we place value on equity, diversity, and the equal inclusion of individuals from all backgrounds. Through support in providing financial budgeting and management, identifying child care and mental health resources, education, and workforce development opportunities, while meeting the basic needs of food, safety, and shelter. Our mission is to level the field of opportunity for those who enter our doors.","Domestic Violence Services - New Hope, Inc.",24/7 Access to free support and resources For immediate assistance call the hotline 1-800-323-HOPE (4673),,,24/7 Access to free support and resources For immediate assistance call the hotline 1-800-323-HOPE (4673),,
One Can Help (Presented Nov. 2022 - ASK CASA),Emergency Resources,All of Massachusetts,"Newton, MA","One Can Help - Foster children, At-risk youth, Struggling Families. Now.",Nonprofit,"To provide urgently needed resources to help underserved children and families take positive steps forward, in all types of juvenile court cases:  care and protection cases (abuse or neglect), CRA’s (children requiring assistance because of their disability or behavioral issues), Delinquencies, or PYA’s (aging out foster children), or cases where there is only just child protective services (DCF) involvement.  ",Online Application Process,"All applications for OCH assistance must be made by professionals in the field. (Attorneys, Social workers, CASA, child advocates or other verifiable providers)",,"One Can Help P.O. Box 55, Newton MA 02468, (text) 617-930-3468, info@onecanhelp.org ",,Application-review-criteria-11.8.22.pdf (onecanhelp.org) ,"Before applying, be sure to get a good estimate of the cost of the item or service needed. After your application is approved, we will work together to figure out the best way to pay.We suggest not to submit more than 1-2 applications at a time to avoid confusion. Review their type of needs criteria and eligiblity and gift card policy."
Open Sky Community Services/Autism Services,Autism Services,Worcester County,4 Mann St. Worcester MA 01602,www.openskycs.org,Nonprofit/Community Resource,Autism Services and Support,N/A,n/a,,jenni.young@openskycs.org,"Jenni Young, Assistant Program Coordinator Autism Services 508-599-0231",,
Parent/Professional Advocacy League (PPAL),"Children's Mental Health, Advocacy, Outreach, Research,Training, Family Support, ",All of Massachusetts,"Waltham, MA",www.ppal.net ,Nonprofit,"PPAL provdies support to families and professionals for mental health needs for children. Please visit their website for MANY FREE informative webinars, workshops and support groups!",N/A,Anyone working and living with children,,info@ppal.net; 866-815-8122,,"Statewide Office 77 Rumford Ave., Waltham MA 02453",
"Pathways for Change, Inc.",Rape Crisis Centers,Central Massachusetts,Worcester Office: 588 Main St. Worcester MA 01608 Fitchburg Office: 275 Nichols Road Fitchburg MA 01420,"Contact - Pathways For Change, Inc.",Nonprofit/Community Resource,"Serving Central Massachusetts, we provide support services to any person impacted by Sexual Violence, as well as education that helps End Sexual Violence, and we start by believing.",N/A,Any person impacted by Sexual Violence and any person in need of education to help End Sexual Violence.,"Contact - Pathways For Change, Inc.","Rosa Fernandez, Director of Education and Outreach Rfernandez@pathwaysforchange.help T: 508-852-7600 | M: 508-736-6784","24/7/365 Toll Free Hearing HOTLINE: 800-870-5905
24/7/365 Statewide VP HOTLINE (for Deaf & HoH): 508-502-7681

Office: (508) 852-7600 (M – F, 9 – 5)
FAX: (508) 852-7870
TTY: (888) 887-7130 (M – F, 9 – 5)
TTY Relay (in Mass): 711","FACTS about Sexual Violence:
Chances are you know someone who is a survivor of sexual violence
The perpetrator is most often known to the survivor
It is never the survivors fault
RAPE is the least reported and convicted violent crime in the U.S.
Sexual Violence IS preventable
Healing is possible. Help is available.",https://pathwaysforchange.help/online-safety/
Planting the Seed,Mostly Holiday Gifts for Families/Children in need,Worcester MA,,https://plantingtheseed.org/,Nonprofit,We are 100% volunteer based with all funds directly supporting children and families in need.,N/A,Anyone on behalf of foster children inlcuding Foster Parents,,Contact | Planting the Seed Foundation,,"Sponsors various gift, clothing, and needs events throughout the year in the Worcester area.",For Worcester's neediest families
Plummer Youth Promise,Permanency Mediation Services,"Salem, Lawrence, Wakefield & Springfield, MA",,PlummerYouthPromise.org,n/a,Permanency mediation is an alternative to a contested court proceeding for children who are involved in the foster care system. ,Referral Process,Referrals are made through the Juvenile and Probate & Family Court.,,"For more information call Program Director: Julia A. Pearson, 1-781-433-0313 or jpearson@plummeryouthpromise.org",,"The model uses an independent third party to facilitate a child-centered approach to permanency plannning. By giving parents an opportunity to help develop cooperative plans for the child's future, permanency mediation both empowers and preserves families.",
Quinsigamond Community College,Education Mentoring Program,Massachusetts,"670 West Boylston Street, Worcester MA 01606",Mentoring | Quinsigamond,Government Organization,"Meaningful connections are on the horizon! Our mentoring program connects you with staff, faculty, industry leaders, and community members to create one-on-one mentoring relationships. This unique program provides extensive benefits to students and professional development and networking opportunities for mentors.","To become a QCC Mentee, you must complete an application. Once the application is completed, you will schedule a phone interview with a QCC staff member. After the interview, you will be able to browse through all our available mentors and select your mentor. You can also request a QCC staff member to choose a mentor for you.",Students at QCC,"Drop in, sign up, and get a mentor all at once.",https://qccmentoring.xinspire.com/register,,,
Rise Above Foundation (Presented Nov. 2022 - ASK CASA),"Enrichment activities, opportunities and experiences",All of Massachusetts,"Northbridge, Ma ",www.weriseabove.org,Nonprofit,"Rise Above funds individual activity wishes for foster children through an online application process. All children who are in the physical care and custody of the Massachusetts Department of Children and Families (DCF), are eligible.",Online Application Process,"DCF Social worker, Child or young adult, Foster Parent, Other Support (CASA, teacher, mentor, clinician, etc.) *Please note that the individual completing the application MUST have the approval of the child's DCF social worker. Have their contact information ready to complete the application request.)*",Complete online application at www.weriseabove.org,"Julie Stanwood-Higgins, Smiles Coordinator, julie@weriseabove.org, 855-246-8850",,Be sure to review the lists of what they do and do not fund on their website prior to the request.,
Sibling Connections,"Enrichment activities, opportunities and experiences",All of Massachusetts,89 South St  Suite 203  Boston MA 02111  ,Sibling Connections – Enhancing relationships between siblings separated by foster care,Nonprofit,"Camp Sibling Connections in Maine, Sibling Socials, Weekend Retreats, Youth Leaderhip Program (YLP)","We work closely with DCF social workers, caregivers, and other stakeholders to screen youth for acceptance into our programs. We strive to be as inclusive as possible, but our programs do not offer therapeutic interventions. We use the following guidelines to determine the fit for our programs:   ● At least two siblings living in Massachusetts in separate foster care and/or kinship placements (or adoption of one or more in the sibling group)  ● 7-20 years of age ● Interviews with the DCF social worker assigned to the sibling group for screening and acceptance into the program ● We accept referrals from anyone, but the DCF contact must be provided. To start the enrollment process for any of our programs, please email leslie[at]siblingconnections.org.","We work closely with DCF social workers, caregivers, and other stakeholders to screen youth for acceptance into our programs. We strive to be as inclusive as possible, but our programs do not offer therapeutic interventions. We use the following guidelines to determine the fit for our programs:","In Person: Stop by the Admin Building, Room 200A.",Leslie Hopper leslie@siblingconnections.org ,617-501-1229,,
Silver Lining Mentoring,Youth Mentoring ,Greater Boston Area,,,Nonprofit/Community Resource,,,,Refer A Youth - Silver Lining Mentoring,,,,
Sweet Inspirations,A Candy Store with a Pupose,Milford/Worcester County,19 Central St. Milford MA 01757,"Sweet
Inspirations | How Sweet it is",Nonprofit,"Sweet Inspirations is a non-profit, retail candy and specialty gift shop that provide vocational and employment opportunities for individuals with intellectual and developmental disabilities. ",n/a,"Shop in store or online, they make custom orders for events and groups. ",Visit in person 19 Central St. Milford MA 01757 or online at https://sweetinspirationsmilford.com/,sweetinspirations2022@gmail.com,508-205-7904,Store Hours: Tues. Wed. and Fri. 11am - 6 PM                  Thurs. 11am - 7 pm and Saturday 10am - 4 pm. ,
The Gifted Crate,Birthday Gifts,Massachusetts,,www.thegiftedcratema.org,Nonprofit,The Gifted Crate's mission is to deliver a customized birthday-in-a-box to as many children in foster care as possible across Massachusetts.,Online Application Process,DCF Social Workers identify children deserving of a birthday crate and submit a request to The Gifted Crate. Social Workers may email thegiftedcrate@gmail.com to request a birthday crate request form. Requests must be submitted two weeks prior to requested delivery date.,,mary@thegiftedcratema.org,,We serve foster children through MA DCF as well as military families residing in Massachusetts who have opened their homes and hearts to these children. Please follow us on social media as we share regular updates on our journey and crate deliveries.,
The Jason Hayes Foundation ,"Scholarships, Grants, Outreach and Online Support","Medford, MA",,Scholarships for Foster Children | The Jason Hayes Foundation,Nonprofit,"Established in 2005, the Jason Hayes Foundation works to support children and young adults who have suffered from early childhood trauma including mental, physical, and emotional abuse.The Foundation exists primarily to provide scholarships to children who will benefit greatly from attending a specialized camp or program to help them work through the after effects of this trauma and those attending a two or four year college or university. We also provide grants to camps and programs who work with these children and provide education for those who support them.",Online Application Process,"Scholarships are most frequently awarded to those who are or have been in the foster care system, experienced early childhood trauma, abuse, and neglect. Need to be Massachusetts residents as well. Grants are available to another non-profit direct care organizations.",,"Jason Hayes Foundation, 284 Salem Street, Medford MA 02155, fax: 781-23209312 email: dot@jaysonhayesfoundation.org ",,Also see their information regarding grants for non-profit direct care organizations. https://jasonhayesfoundation.org/grant-program/apply/,
The Wonderfund,"Resources, Enrichment, Emergency Aid, Home Modifications",All of Massachusetts,Boston,Homepage - Wonderfund of Massachusetts (wonderfundma.org),Nonprofit,"Their services include providing emergency aid services, enrichment opportunities, everyday essentials such as toiletries and school supplies, access to cultural experiences across the Commonwealth, holiday gifts and more! They also offer the Wonderfund Access Card is like a AAA card created just for DCF foster families. Wonderfund partners with incredible organizations across the state to offer discounted or free admission to family-friendly experiences, including museums, theaters, outdoor spaces, and treasured destinations. ",Online Application Process,DCF Social Worker is the only way to access Wonderfund resources.,,Contact - Wonderfund of Massachusetts (wonderfundma.org),,"Any child, aged 0 – 24, who is involved with The Department of Children and Families.",
THRIVE ,Support and Advocacy for people and their families living with intellectual and developmental disabilities (I/DD).,Greater Worcester and Marlborough Area ,Office in Worcester (100 Grove St.) and Marlborough MA,www.icanthrive.org,Nonprofit/Community Resource,"Services include but are not limited to: Community residences, Workshopd for families and caregivers,Family support, Community-based day support, Flourish at Thrive Food Pantry, Respite, Navigation assistance.","Empowering youth and adults with developmental disabilities, and their families, to lead rich, active and self-directed lives.",Individuals and families living with developmental and intelletual disabilities (I/DD),"508-485-4227, info@icanthrive.org, www.icanthrive.org",info@icanthrive.org,508-485-4227,"Thrive offers social and recreational programs as well. They include but are not limited to: A Prom for All Ages and other dances/parties, Thrive After School Community, Fitness classes, Sports activities, Vacation day camps, Community field trips, Volunteering.",
TriTogether,Free Online Academic Tutoring,All of Massachusetts,Massachusetts,TriTogether,Nonprofit/Community Resource,Free online tutoring for children in foster care and adopted out of foster care.,August 2025 - TriTogether Corp Referral Steps.pdf,August 2025 - TriTogether Corp Referral Steps.pdf,Student Referral — TriTogether,info@tritogether.org,n/a,TriTogether will work to offer free tutoring services for students whose circumstances have previously made tutoring inaccessible. ,
Wandering Heart Project,Day to Day Essentials/Clothing,"Bridgewater & Franklin, MA",,Home | Wandering Heart Proj (wanderingheartproject.org),Nonprofit,The Wandering Heart Project is to ensure foster and homeless children of all ages throughout Massachusetts have access to basic essentials and clothing.,Online Contact Form,Anyone on behalf of foster children inlcuding Foster Parents,,Contact | Wandering Heart Proj (wanderingheartproject.org),,"The Wandering Heart Project now manages donations from their warehouse in Rockland, MA and storage unit in Franklin, MA. WHP makes regular donations to foster children all over Massachusetts along with children experiencing homelessness. They have  also partnered with the Brockton WIC office to provide ""Wander Bags"" to families in crisis.",
WE'VE GOT YOUR BACKpack,School Supplies for children and families in foster care,"Primarily Northeast, but can make arrangements to provide resources statewide",,We've Got Your BACKpack | Facebook,Nonprofit,"These backpacks frequently become more than a place for school supplies. They can also become a lifeline for children being transitioned into foster care, replacing the trash bags that too many children are still asked to stuff their limited possessions into.",N/A,Anyone on behalf of foster children inlcuding Foster Parents,,"Reach out to me personally through email, cell, or Facebook messenger on the WGYB Page, https://www.facebook.com/profile.php?id=100067779848128. Deborah Sweet dmsweet@gmail.com",508-400-2323,,
"WIC & SNAP (Women, Infants and Children) Supplemental Nutrition Assistance Program",Financial assistance with Food and Nutritional needs,All of Massachusetts,Over 30 area offices all across Massachusetts call 1-800-WIC-1007 or 1-800-942-1007,www.mass.gov/forms/apply-for-wic-online     https://link.edgepilot.com/s/624b6a00/qGmXjQ4q00WMYVThIfJQ1A?u=https://www.mass.gov/wic-information-for-participants/locations?_page=1,Government Organization,Visit website for eligibility form. It is recommended to use WIC and SNAP together as they compliment what items you can purchase with each benefit. Men can apply too and Foster children under 5 are automatically eligible for these services.,Income Eligibility Guidelines on Website,"If you are a father, mother, grand parent, foster parent or other legal guardian of a child under 5, you can apply. WIC is for all kinds of families, married and single parents, working or not working.",Online eligibility form https://link.edgepilot.com/s/166326c2/FNpHUUnXtkCSW7mUUvt7UQ?u=http://www.mass.gov/forms/apply-for-wic-online,n/a,1-800-942-1007,"It is possible to start an application for WIC on-line by visiting  www.mass.gov/wic or the Mass Wic Facebook page, @MassWIC. Interested families can click on 'Apply for WIC' and submit some basic information to get thier application started. Or you can contact the WIC Program in your community to set up an appointment or call 1-800-942-1007. Many WIC Offices are open in the evenings and on Saturdays so you do not have to miss school or work. Walk-ins are always welcome!",
"Worcester Area Mission Society, UCC",Missions support,Worcester,"6 Institute Road, Worcester MA 01609",About Us | Worcester Area Mission Society (wamsworks.org),Nonprofit,"Work with individuals and community partners to inspire economic and educational equity through social change. Our vision is focused on programs and activities that fuel inclusion, voice and opportunity for all.",,,,office@wamsworks.org,508-755-2329,Please visit website: https://www.wamsworks.org/about-us,
Worcester County Juvenile Court Clinic,Evaluation Services for youth 7-18 years old,Worcester County,225 Main St. Room 1009 Worcester MA 01608,N/A,Government Organization,A program of Community Healthlink's Youth and Family Services including Mobile Crisis,N/A,"Court Ordered, Attorney, Case Manager, Family ","Julie Ann Lamacchia, LICSW, CJCC I, Program Director",Worcester Team: 1-866-549-2141 North Cental Worcester County Team: 1-800-977-5555 South Central Worcester County Team: 1-800-294-4665,508-831-2093,"Clients who are ordered by the Juvenile Court are evaluated by the JCC. Our service population is primarily children and youth age 7-18 who fall under the jurisdiction of the Juvenile Court for status of delinquency offenses. Since the JCC may also provide fornesic parenting evaluations pursuant to Care and Protection matters, our population served may expand from infancy to adulthood depending on those case circumstances and the nature of the court-ordered referral.",
Worcester Cultural Coalition ,Arts and Culture Connections,Worcester County,"Worcester Cultural Coalition 455 Main Street, 4th Floor, Worcester MA 01608",Home - WCC (worcesterculture.org),Nonprofit,"The Worcester Cultural Coalition ( WCC) is a public-private partnership established in 1999 between the City of Worcester and twelve cultural organizations. Today membership stands at 80 organizations, accounting for more than 2.7 million visitors to Worcester in calendar 2015, up from 1.5 million in 2006. Its mission is to draw on Worcester’s rich and diverse cultural assets to foster economic revitalization, support active, creative engagement for all and promote a strong cultural identity for Greater Worcester.",N/A,n/a,Program Director,fabian@worcesterculturalcoalition.ccsend.com,,Sign up for newsletter for Cultural events in Worcester County for all ages,
Worcester Parent/Caregiver Guide to Community Services,This booklet is meant to ease locating services for parents and caregivers.,Worcester County,Worcester,GUIDEENGLISH.pdf - Google Drive,Nonprofit/Community Resource,This is a printable booklet that highlights services for parents and caregivers in the Worcester Area. Version June 2024,N/A,This is a viewable/printable document for services and programs available to parents and caregivers in the Worcester Area.,jlamacchia@communityhealthlink.org,,,,
W.S.R. Wellness Coaching,"Wellness, meditation and mindfulness coaching for teen and adults ",Worcester County,Worcester,www.wsrwellnesscoaching.com,Nonprofit/Community Resource,"Meditation, MIndfulness, Yoga and Wellness coaching for teens and adults. Ages High school and up.",N/A,,Contact Founder: Jacqueline Monteiro,jacquelinemonteiro167@gmail.com,508-665-9016,,
Worcester Youth Center,"Educational, recreational and social facility for youth ages 14 to 24",Worcester County,"326 Chandler Street, Worcester MA 01602",worcesteryouthcenter.org,Noprofit/Community Resource,"To provide a safe place where young people can build lasting, positive changes in their lives. ",Membership is free. Tranportation is provided. For youth between the ages of 14 and 24.,"Membership is free. To become a member, come down to the Center located at 326 Chandler St. Worcester MA 01602 and fill out a membership form. If you are under the age of 18, you need a parent or guardian's signature.","Membership is free. To become a member, come down to the Center located at 326 Chandler St. Worcester MA 01602 and fill out a membership form. If you are under the age of 18, you need a parent or guardian's signature.",info@worcesteryouthcenter.org,Tel: 508-791-4702  Fax: 508-791-3613,"Resources, Academic Support, Work Preparation, Creative Expression and Leadership, Health, Recreation and Positive Social Interaction.",